method,horizon_trading_days,n,mean,median,p25,p75
IQR,1,237,0.0017191451356376327,0.000496462703239553,-0.004134029590948551,0.005187731016146779
IQR,5,198,0.005557826192627556,0.002485707183693897,-0.01028689605789615,0.01827739587545474
IQR,20,64,-0.012662882542951538,0.00016218983946980625,-0.042007374607411746,0.025279065857917782
Pre-Event,1,241,0.003097921387393919,0.0013568521031206426,-0.01941747572815533,0.02058590657165471
Pre-Event,5,211,-0.005442294744055482,-0.008081667375584911,-0.068850380388842,0.05727682417655233
Pre-Event,20,70,-0.013325147655074313,-0.024738067520372553,-0.10156782549420584,0.0479043535732504
Z-Score,1,237,0.0017191451356376327,0.000496462703239553,-0.004134029590948551,0.005187731016146779
Z-Score,5,198,0.005557826192627556,0.002485707183693897,-0.01028689605789615,0.01827739587545474
Z-Score,20,64,-0.012662882542951538,0.00016218983946980625,-0.042007374607411746,0.025279065857917782
